{
    "f1_micro": 0.7463546668995024,
    "f1_macro": 0.7791235527200036,
    "precision_micro": 0.6757312252964427,
    "recall_micro": 0.8334633385335414,
    "subset_accuracy": 0.3829240434037693,
    "avg_labels_per_sample": 1.806110793832096
}